Workbook

Sheet Características
A1: Identificación | E1: Temporales (amplitud) | I1: Temporales (forma) | O1: Frecuenciales
A2: t_inicio_s | B2: ciclo | C2: etiqueta | D2: saturada | E2: MAV | F2: RMS | G2: iEMG | H2: VAR | I2: WL | J2: ZC | K2: SSC | L2: WAMP | M2: Asimetria | N2: Curtosis | O2: MNF | P2: MDF | Q2: P_20_80 | R2: P_80_150 | S2: P_150_450
A3: s | B3: id | C3: — | D3: — | E3: mV | F3: mV | G3: mV (suma) | H3: mV² | I3: mV (suma) | J3: cuentas | K3: cuentas | L3: cuentas | M3: — | N3: — | O3: Hz | P3: Hz | Q3: fracción | R3: fracción | S3: fracción
A4: 0 | B4: 0 | C4: transicion | D4: No | E4: 0.0036574971 | F4: 0.0046442171 | G4: 0.91437427 | H4: 2.1628114e-05 | I4: 0.92552627 | J4: 0 | K4: 0 | L4: 0 | M4: 0.002437514 | N4: 0.2104143 | O4: 148.74311 | P4: 93.75 | Q4: 0.40402832 | R4: 0.2845359 | S4: 0.31143579
A5: 0.125 | B5: 0 | C5: contraccion | D5: No | E5: 0.0037884236 | F5: 0.0048158829 | G5: 0.94710591 | H5: 2.3284723e-05 | I5: 0.87013889 | J5: 0 | K5: 0 | L5: 0 | M5: -0.23904966 | N5: 0.244429 | O5: 119.13454 | P5: 85.9375 | Q5: 0.49514963 | R5: 0.23669974 | S5: 0.26815062
A6: 0.25 | B6: 0 | C6: contraccion | D6: No | E6: 0.0034879295 | F6: 0.0044809465 | G6: 0.87198239 | H6: 2.0112512e-05 | I6: 0.89293493 | J6: 0 | K6: 0 | L6: 0 | M6: -0.20643921 | N6: 0.41695837 | O6: 165.26643 | P6: 125 | Q6: 0.19171807 | R6: 0.38560762 | S6: 0.42267432
A7: 0.375 | B7: 0 | C7: contraccion | D7: No | E7: 0.0033824648 | F7: 0.0043291835 | G7: 0.84561619 | H7: 1.8810493e-05 | I7: 0.93161178 | J7: 0 | K7: 0 | L7: 0 | M7: 0.10144806 | N7: 0.42089528 | O7: 179.95285 | P7: 132.8125 | Q7: 0.20902707 | R7: 0.35418951 | S7: 0.43678342
A8: 0.5 | B8: 0 | C8: contraccion | D8: No | E8: 0.0032023417 | F8: 0.0040788367 | G8: 0.80058542 | H8: 1.6696315e-05 | I8: 0.87896961 | J8: 0 | K8: 0 | L8: 0 | M8: -0.028672867 | N8: 0.28250774 | O8: 151.18591 | P8: 101.5625 | Q8: 0.31383871 | R8: 0.30958703 | S8: 0.37657426
A9: 0.625 | B9: 0 | C9: contraccion | D9: No | E9: 0.0035797368 | F9: 0.0046218312 | G9: 0.8949342 | H9: 2.1409985e-05 | I9: 0.90092228 | J9: 0 | K9: 0 | L9: 0 | M9: -0.14238056 | N9: 0.4816696 | O9: 169.40703 | P9: 117.1875 | Q9: 0.29737243 | R9: 0.29343349 | S9: 0.40919408
A10: 0.75 | B10: 0 | C10: contraccion | D10: No | E10: 0.0036074335 | F10: 0.0045733475 | G10: 0.90185837 | H10: 2.0999483e-05 | I10: 0.87325717 | J10: 0 | K10: 0 | L10: 0 | M10: -0.089634423 | N10: 0.30623135 | O10: 134.07444 | P10: 101.5625 | Q10: 0.42271362 | R10: 0.2534206 | S10: 0.32386578
A11: 0.875 | B11: 0 | C11: contraccion | D11: No | E11: 0.0032777378 | F11: 0.0041564018 | G11: 0.81943446 | H11: 1.7304024e-05 | I11: 0.8784425 | J11: 0 | K11: 0 | L11: 0 | M11: -0.10119701 | N11: 0.063376482 | O11: 200.23003 | P11: 156.25 | Q11: 0.10179818 | R11: 0.37861144 | S11: 0.51959038
A12: 1 | B12: 0 | C12: contraccion | D12: No | E12: 0.0035737673 | F12: 0.0045489053 | G12: 0.89344183 | H12: 2.077128e-05 | I12: 0.9835299 | J12: 0 | K12: 0 | L12: 0 | M12: -0.090144656 | N12: 0.0073442834 | O12: 167.89885 | P12: 140.625 | Q12: 0.33311815 | R12: 0.20242071 | S12: 0.46446114
A13: 1.125 | B13: 0 | C13: contraccion | D13: No | E13: 0.0035758084 | F13: 0.0045179928 | G13: 0.89395211 | H13: 2.0488903e-05 | I13: 1.067787 | J13: 0 | K13: 0 | L13: 0 | M13: -0.021571404 | N13: -0.11953983 | O13: 159.85608 | P13: 109.375 | Q13: 0.35414458 | R13: 0.22229877 | S13: 0.42355665
A14: 1.25 | B14: 0 | C14: contraccion | D14: No | E14: 0.0036082712 | F14: 0.0044950267 | G14: 0.9020678 | H14: 2.0280421e-05 | I14: 0.98820168 | J14: 0 | K14: 0 | L14: 0 | M14: -0.093482363 | N14: -0.35442411 | O14: 194.75209 | P14: 187.5 | Q14: 0.24192645 | R14: 0.14474775 | S14: 0.6133258
A15: 1.375 | B15: 0 | C15: contraccion | D15: No | E15: 0.0035185619 | F15: 0.0044235383 | G15: 0.87964048 | H15: 1.9642851e-05 | I15: 0.91874882 | J15: 0 | K15: 0 | L15: 0 | M15: -0.12507888 | N15: -0.1301603 | O15: 154.17733 | P15: 101.5625 | Q15: 0.46655517 | R15: 0.10486132 | S15: 0.42858351
... A878: 109.25 | B878: 6 | C878: reposo | D878: No | E878: 0.0035445959 | F878: 0.0043541303 | G878: 0.88614898 | H878: 1.9027758e-05 | I878: 0.77925637 | J878: 0 | K878: 0 | L878: 0 | M878: 0.026920009 | N878: -0.49878416 | O878: 142.72869 | P878: 117.1875 | Q878: 0.38748464 | R878: 0.22360067 | S878: 0.38891469

Sheet Resumen
A1: Resumen por etiqueta (promedios, fórmulas sobre la hoja "Características")
A3: Etiqueta | B3: N ventanas | C3: MAV | D3: RMS | E3: iEMG | F3: VAR | G3: WL | H3: ZC | I3: SSC | J3: WAMP | K3: Asimetria | L3: Curtosis | M3: MNF | N3: MDF | O3: P_20_80 | P3: P_80_150 | Q3: P_150_450
A4: reposo | B4: =COUNTIF('Características'!$C$4:$C$878,A4) | C4: =AVERAGEIF('Características'!$C$4:$C$878,$A4,'Características'!$E$4:$E$878) | D4: =AVERAGEIF('Características'!$C$4:$C$878,$A4,'Características'!$F$4:$F$878) | E4: =AVERAGEIF('Características'!$C$4:$C$878,$A4,'Características'!$G$4:$G$878) | F4: =AVERAGEIF('Características'!$C$4:$C$878,$A4,'Características'!$H$4:$H$878) | G4: =AVERAGEIF('Características'!$C$4:$C$878,$A4,'Características'!$I$4:$I$878) | H4: =AVERAGEIF('Características'!$C$4:$C$878,$A4,'Características'!$J$4:$J$878) | I4: =AVERAGEIF('Características'!$C$4:$C$878,$A4,'Características'!$K$4:$K$878) | J4: =AVERAGEIF('Características'!$C$4:$C$878,$A4,'Características'!$L$4:$L$878) | K4: =AVERAGEIF('Características'!$C$4:$C$878,$A4,'Características'!$M$4:$M$878) | L4: =AVERAGEIF('Características'!$C$4:$C$878,$A4,'Características'!$N$4:$N$878) | M4: =AVERAGEIF('Características'!$C$4:$C$878,$A4,'Características'!$O$4:$O$878) | N4: =AVERAGEIF('Características'!$C$4:$C$878,$A4,'Características'!$P$4:$P$878) | O4: =AVERAGEIF('Características'!$C$4:$C$878,$A4,'Características'!$Q$4:$Q$878) | P4: =AVERAGEIF('Características'!$C$4:$C$878,$A4,'Características'!$R$4:$R$878) | Q4: =AVERAGEIF('Características'!$C$4:$C$878,$A4,'Características'!$S$4:$S$878)
A5: contraccion | B5: =COUNTIF('Características'!$C$4:$C$878,A5) | C5: =AVERAGEIF('Características'!$C$4:$C$878,$A5,'Características'!$E$4:$E$878) | D5: =AVERAGEIF('Características'!$C$4:$C$878,$A5,'Características'!$F$4:$F$878) | E5: =AVERAGEIF('Características'!$C$4:$C$878,$A5,'Características'!$G$4:$G$878) | F5: =AVERAGEIF('Características'!$C$4:$C$878,$A5,'Características'!$H$4:$H$878) | G5: =AVERAGEIF('Características'!$C$4:$C$878,$A5,'Características'!$I$4:$I$878) | H5: =AVERAGEIF('Características'!$C$4:$C$878,$A5,'Características'!$J$4:$J$878) | I5: =AVERAGEIF('Características'!$C$4:$C$878,$A5,'Características'!$K$4:$K$878) | J5: =AVERAGEIF('Características'!$C$4:$C$878,$A5,'Características'!$L$4:$L$878) | K5: =AVERAGEIF('Características'!$C$4:$C$878,$A5,'Características'!$M$4:$M$878) | L5: =AVERAGEIF('Características'!$C$4:$C$878,$A5,'Características'!$N$4:$N$878) | M5: =AVERAGEIF('Características'!$C$4:$C$878,$A5,'Características'!$O$4:$O$878) | N5: =AVERAGEIF('Características'!$C$4:$C$878,$A5,'Características'!$P$4:$P$878) | O5: =AVERAGEIF('Características'!$C$4:$C$878,$A5,'Características'!$Q$4:$Q$878) | P5: =AVERAGEIF('Características'!$C$4:$C$878,$A5,'Características'!$R$4:$R$878) | Q5: =AVERAGEIF('Características'!$C$4:$C$878,$A5,'Características'!$S$4:$S$878)
A6: transicion | B6: =COUNTIF('Características'!$C$4:$C$878,A6) | C6: =AVERAGEIF('Características'!$C$4:$C$878,$A6,'Características'!$E$4:$E$878) | D6: =AVERAGEIF('Características'!$C$4:$C$878,$A6,'Características'!$F$4:$F$878) | E6: =AVERAGEIF('Características'!$C$4:$C$878,$A6,'Características'!$G$4:$G$878) | F6: =AVERAGEIF('Características'!$C$4:$C$878,$A6,'Características'!$H$4:$H$878) | G6: =AVERAGEIF('Características'!$C$4:$C$878,$A6,'Características'!$I$4:$I$878) | H6: =AVERAGEIF('Características'!$C$4:$C$878,$A6,'Características'!$J$4:$J$878) | I6: =AVERAGEIF('Características'!$C$4:$C$878,$A6,'Características'!$K$4:$K$878) | J6: =AVERAGEIF('Características'!$C$4:$C$878,$A6,'Características'!$L$4:$L$878) | K6: =AVERAGEIF('Características'!$C$4:$C$878,$A6,'Características'!$M$4:$M$878) | L6: =AVERAGEIF('Características'!$C$4:$C$878,$A6,'Características'!$N$4:$N$878) | M6: =AVERAGEIF('Características'!$C$4:$C$878,$A6,'Características'!$O$4:$O$878) | N6: =AVERAGEIF('Características'!$C$4:$C$878,$A6,'Características'!$P$4:$P$878) | O6: =AVERAGEIF('Características'!$C$4:$C$878,$A6,'Características'!$Q$4:$Q$878) | P6: =AVERAGEIF('Características'!$C$4:$C$878,$A6,'Características'!$R$4:$R$878) | Q6: =AVERAGEIF('Características'!$C$4:$C$878,$A6,'Características'!$S$4:$S$878)
A8: Total ventanas | B8: =COUNTA('Características'!$C$4:$C$878)
A9: Ventanas con saturación | B9: =COUNTIF('Características'!$D$4:$D$878,"Sí")
A10: Duración cubierta (s) | B10: =MAX('Características'!$A$4:$A$878)+0.25

Sheet Diccionario
A1: Origen: señales sEMG del CUELLO (BITalino, Fs = 1000 Hz, 10 bits). Ventanas de 250 ms con 50 % de solapamiento; filtro 20–450 Hz + notch 60 Hz.
A2: Los archivos de adquisición se guardaron con el nombre "BRAZO", pero corresponden al cuello. ε = 3 × desviación estándar del baseline filtrado.
A4: Columna | B4: Descripción | C4: Unidad
A5: t_inicio_s | B5: Instante de inicio de la ventana en el registro | C5: s
A6: ciclo | B6: Identificador de grupo: reposo previo a la contracción i + la contracción i (evita fuga de datos en la validación) | C6: id
A7: etiqueta | B7: contraccion (≥80 % de la ventana dentro de una contracción detectada), reposo (≤5 %) o transicion (resto) | C7: —
A8: saturada | B8: Sí si la ventana tiene al menos una muestra saturada del ADC | C8: —
A9: MAV | B9: Valor absoluto medio | C9: mV
A10: RMS | B10: Raíz cuadrática media | C10: mV
A11: iEMG | B11: Suma del valor absoluto de la ventana (no multiplicada por el periodo de muestreo) | C11: mV
A12: VAR | B12: Varianza (ddof = 1) | C12: mV²
A13: WL | B13: Longitud de onda: suma de |x[n+1] − x[n]| | C13: mV
A14: ZC | B14: Cruces por cero con diferencia ≥ ε | C14: cuentas
A15: SSC | B15: Cambios de signo de la pendiente con umbral ε | C15: cuentas
... A23: P_150_450 | B23: Fracción de potencia en 150–450 Hz | C23: fracción
